Municipio;Classificação de % em relação a população geral;% em relação a população geral;% em relação a população geral;População Município;Total Doses Aplicadas
FLORÍNEA;1;147,983415002;147,983415002;2653;3926
NOVA INDEPENDÊNCIA;2;110,041944239;110,041944239;4053;4460
CAIUÁ;3;106,273124790;106,273124790;5946;6319
PRESIDENTE BERNARDES;4;103,647393074;103,647393074;13023;13498
ÁLVARO DE CARVALHO;5;102,313234736;102,313234736;5274;5396
ADOLFO;6;102,138435566;102,138435566;3554;3630
URU;7;100,780572420;100,780572420;1153;1162
TAIÚVA;8;100,071890726;100,071890726;5564;5568
BORÁ;9;99,761336516;99,761336516;838;836
TURMALINA;10;97,641509434;97,641509434;1696;1656
PACAEMBU;11;97,027273365;97,027273365;14263;13839
ÁGUAS DE SÃO PEDRO;12;96,762283442;96,762283442;3521;3407
ARCO-ÍRIS;13;96,503102087;96,503102087;1773;1711
PARISI;14;94,559704933;94,559704933;2169;2051
PEDRANÓPOLIS;15;94,155582426;94,155582426;2481;2336
SANTA CLARA D'OESTE;16;94,036914340;94,036914340;2113;1987
BERNARDINO DE CAMPOS;17;93,314214017;93,314214017;11158;10412
SANTA RITA D'OESTE;18;92,802573382;92,802573382;2487;2308
ALFREDO MARCONDES;19;92,662523901;92,662523901;4184;3877
RUBINÉIA;20;92,397476341;92,397476341;3170;2929
TRÊS FRONTEIRAS;21;92,215363512;92,215363512;5832;5378
CAJAMAR;22;92,152975595;92,152975595;77934;71818,5
FLORA RICA;23;92,097902098;92,097902098;1430;1317
NOVA CANAÃ PAULISTA;24;92,008639309;92,008639309;1852;1704
BOTUCATU;25;91,908458786;91,908458786;148130;136144
CÁSSIA DOS COQUEIROS;26;91,896207585;91,896207585;2505;2302
CAPELA DO ALTO;27;91,798903979;91,798903979;20985;19264
ÁLVARES FLORENCE;28;91,746641075;91,746641075;3647;3346
MAIRINQUE;29;91,425138593;91,425138593;47441;43373
DOLCINÓPOLIS;30;91,335227273;91,335227273;2112;1929
SANTANA DA PONTE PENSA;31;91,138377641;91,138377641;1467;1337
TAQUARITUBA;32;91,004471964;91,004471964;23256;21164
TUPI PAULISTA;33;90,948469486;90,948469486;15583;14172,5
CERQUEIRA CÉSAR;34;90,941508593;90,941508593;20191;18362
SANTA SALETE;35;90,850515464;90,850515464;1552;1410
MENDONÇA;36;90,332434861;90,332434861;5565;5027
TORRE DE PEDRA;37;90,049545830;90,049545830;2422;2181
ÓLEO;38;90,044516390;90,044516390;2471;2225
NEVES PAULISTA;39;89,801636221;89,801636221;8923;8013
LAGOINHA;40;89,588872980;89,588872980;4889;4380
ILHABELA;41;89,536680622;89,536680622;35591;31867
INDIAPORÃ;42;89,500772002;89,500772002;3886;3478
APARECIDA D'OESTE;43;89,490139490;89,490139490;4158;3721
DIVINOLÂNDIA;44;89,437127909;89,437127909;11086;9915
SANTA MERCEDES;45;89,364593952;89,364593952;2943;2630
SÃO JOÃO DO PAU D'ALHO;46;89,333333333;89,333333333;2100;1876
MERIDIANO;47;89,278242678;89,278242678;3824;3414
PAULISTÂNIA;48;88,985823337;88,985823337;1834;1632
NATIVIDADE DA SERRA;49;88,858777477;88,858777477;6642;5902
ASPÁSIA;50;88,723872387;88,723872387;1818;1613
CRUZÁLIA;51;88,709677419;88,709677419;2046;1815
CEDRAL;52;88,690348812;88,690348812;9346;8289
SANTA FÉ DO SUL;53;88,407087799;88,407087799;32563;28788
ITANHAÉM;54;87,992473473;87,992473473;103102;90722
COSMORAMA;55;87,955604275;87,955604275;7298;6419
GUARAREMA;56;87,904831431;87,904831431;30136;26491
CÂNDIDO RODRIGUES;57;87,852804573;87,852804573;2799;2459
POPULINA;58;87,789017341;87,789017341;4152;3645
UBIRAJARA;59;87,614487927;87,614487927;4804;4209
RIFAINA;60;87,417582418;87,417582418;3640;3182
ESTRELA D'OESTE;61;87,409431049;87,409431049;8419;7359
NARANDIBA;62;87,377650897;87,377650897;4904;4285
PIRATININGA;63;87,272066836;87,272066836;13765;12013
ROSANA;64;87,242798354;87,242798354;16281;14204
GUARANI D'OESTE;65;87,187187187;87,187187187;1998;1742
ÁGUAS DE LINDÓIA;66;87,154402382;87,154402382;18808;16392
RIVERSUL;67;87,121072938;87,121072938;5443;4742
PEDRA BELA;68;87,021276596;87,021276596;6110;5317
COLÔMBIA;69;87,017374517;87,017374517;6216;5409
MACEDÔNIA;70;86,863488624;86,863488624;3692;3207
ITAJOBI;71;86,853631431;86,853631431;15297;13286
BASTOS;72;86,779936047;86,779936047;20953;18183
ITABERÁ;73;86,744851259;86,744851259;17480;15163
MAGDA;74;86,718246293;86,718246293;3102;2690
ECHAPORÃ;75;86,609498681;86,609498681;6064;5252
SÃO LUIZ DO PARAITINGA;76;86,379794200;86,379794200;10690;9234
DUARTINA;77;86,230193839;86,230193839;12433;10721
MIRASSOLÂNDIA;78;86,226875381;86,226875381;4919;4241,5
TIMBURI;79;86,199095023;86,199095023;2652;2286
JACI;80;86,145080600;86,145080600;7196;6199
CAMPINA DO MONTE ALEGRE;81;86,049199274;86,049199274;6057;5212
MONTE MOR;82;85,905454785;85,905454785;60754;52191
PIRACAIA;83;85,816764984;85,816764984;27462;23567
BRAGANÇA PAULISTA;84;85,791019920;85,791019920;170533;146302
JOANÓPOLIS;85;85,739991003;85,739991003;13338;11436
SANTO ANTÔNIO DO JARDIM;86;85,723905724;85,723905724;5940;5092
FERNANDÓPOLIS;87;85,693495865;85,693495865;69402;59473
SÃO PAULO;88;85,690419458;85,690419458;12325232;10561543
SÃO FRANCISCO;89;85,658501952;85,658501952;2817;2413
ADAMANTINA;90;85,582865769;85,582865769;35111;30049
FLOREAL;91;85,551724138;85,551724138;2900;2481
PARDINHO;92;85,540872772;85,540872772;6508;5567
SANTA ALBERTINA;93;85,536366656;85,536366656;6022;5151
MESÓPOLIS;94;85,511811024;85,511811024;1905;1629
SANTOS;95;85,508675079;85,508675079;433656;370813,5
REDENÇÃO DA SERRA;96;85,360771034;85,360771034;3839;3277
CORONEL MACEDO;97;85,242718447;85,242718447;4635;3951
PALMEIRA D'OESTE;98;85,217297063;85,217297063;9227;7863
GÁLIA;99;85,158901574;85,158901574;6482;5520
RIBEIRÃO DO SUL;100;84,996695307;84,996695307;4539;3858
JARINU;101;84,867883855;84,867883855;30617;25984
RAFARD;102;84,803867707;84,803867707;9101;7718
AVARÉ;103;84,791520519;84,791520519;91232;77357
ALTINÓPOLIS;104;84,731222613;84,731222613;16203;13729
TREMEMBÉ;105;84,700507189;84,700507189;47714;40414
VOTUPORANGA;106;84,675575321;84,675575321;95338;80728
OSASCO;107;84,658344096;84,658344096;699944;592561
PARANAPUÃ;108;84,615384615;84,615384615;4095;3465
RIBEIRA;109;84,564564565;84,564564565;3330;2816
JALES;110;84,549094531;84,549094531;49201;41599
FERNÃO;111;84,510712218;84,510712218;1727;1459,5
OCAUÇU;112;84,502446982;84,502446982;4291;3626
RIBEIRÃO CORRENTE;113;84,385521886;84,385521886;4752;4010
ITAOCA;114;84,384384384;84,384384384;3330;2810
PIRAJU;115;84,344973049;84,344973049;29869;25193
DUMONT;116;84,326050085;84,326050085;10023;8452
LUTÉCIA;117;84,294385432;84,294385432;2636;2222
MORUNGABA;118;84,195631667;84,195631667;13781;11603
ÁGUAS DE SANTA BÁRBARA;119;84,154526109;84,154526109;6109;5141
MARAPOAMA;120;84,138381201;84,138381201;3064;2578
SÃO JOÃO DA BOA VISTA;121;84,108269497;84,108269497;91771;77187
MOCOCA;122;84,083792404;84,083792404;68980;58001
SÃO BENTO DO SAPUCAÍ;123;84,026438998;84,026438998;10893;9153
GUAPIARA;124;84,023494860;84,023494860;17025;14305
RIBEIRÃO DOS ÍNDIOS;125;83,992805755;83,992805755;2224;1868
CUNHA;126;83,950789878;83,950789878;21459;18015
ARAPEÍ;127;83,943089431;83,943089431;2460;2065
ILHA COMPRIDA;128;83,937687027;83,937687027;11362;9537
SALESÓPOLIS;129;83,926501275;83,926501275;17252;14479
MATÃO;130;83,921268505;83,921268505;83626;70180
BADY BASSITT;131;83,914194021;83,914194021;17761;14904
SARUTAIÁ;132;83,911845730;83,911845730;3630;3046
OLÍMPIA;133;83,899873027;83,899873027;55130;46254
ALTO ALEGRE;134;83,806262231;83,806262231;4088;3426
SÃO CARLOS;135;83,762829883;83,762829883;254484;213163
PONGAÍ;136;83,735294118;83,735294118;3400;2847
ONDA VERDE;137;83,672546359;83,672546359;4422;3700
HOLAMBRA;138;83,649816658;83,649816658;15272;12775
SILVEIRAS;139;83,640952832;83,640952832;6339;5302
DOURADO;140;83,588646091;83,588646091;8878;7421
VITÓRIA BRASIL;141;83,586132178;83,586132178;1846;1543
AMPARO;142;83,573895455;83,573895455;72677;60739
REGINÓPOLIS;143;83,531564501;83,531564501;9837;8217
JERIQUARA;144;83,529038401;83,529038401;3151;2632
GABRIEL MONTEIRO;145;83,501440922;83,501440922;2776;2318
PINHALZINHO;146;83,500129971;83,500129971;15388;12849
BARÃO DE ANTONINA;147;83,419096627;83,419096627;3498;2918
REGISTRO;148;83,348997216;83,348997216;56393;47003
TUPÃ;149;83,336891871;83,336891871;65570;54644
MOGI MIRIM;150;83,313400961;83,313400961;93650;78023
AGUDOS;151;83,305259218;83,305259218;37401;31157
ARARAQUARA;152;83,252216381;83,252216381;238339;198422,5
LUCIANÓPOLIS;153;83,229296712;83,229296712;2403;2000
IGARATÁ;154;83,209850777;83,209850777;9583;7974
TAPIRAÍ;155;83,170229204;83,170229204;7766;6459
ITAPIRA;156;83,137942951;83,137942951;75234;62548
SÃO JOSÉ DO RIO PRETO;157;83,077660904;83,077660904;464983;386297
BARRETOS;158;83,072138595;83,072138595;122833;102040
MIRASSOL;159;83,047277913;83,047277913;60303;50080
FERNANDO PRESTES;160;82,999654815;82,999654815;5794;4809
INDAIATUBA;161;82,996842594;82,996842594;256223;212657
BARRA BONITA;162;82,984554061;82,984554061;36126;29979
SOCORRO;163;82,941574773;82,941574773;41352;34298
PRESIDENTE PRUDENTE;164;82,890424576;82,890424576;230371;190955,5
RIBEIRÃO GRANDE;165;82,875374398;82,875374398;7679;6364
SALTO;166;82,845593639;82,845593639;119736;99196
ARANDU;167;82,812254517;82,812254517;6365;5271
NUPORANGA;168;82,802888473;82,802888473;7478;6192
IACRI;169;82,795869738;82,795869738;6295;5212
ITU;170;82,787865670;82,787865670;175568;145349
SANTO ANTÔNIO DA ALEGRIA;171;82,743299412;82,743299412;6977;5773
AREALVA;172;82,712179264;82,712179264;8613;7124
SERRA NEGRA;173;82,710851555;82,710851555;29452;24360
PONTES GESTAL;174;82,693053939;82,693053939;2577;2131
MANDURI;175;82,663975782;82,663975782;9910;8192
SANTANA DE PARNAÍBA;176;82,607290181;82,607290181;142301;117551
SANTA ERNESTINA;177;82,587687903;82,587687903;5588;4615
RANCHARIA;178;82,577541546;82,577541546;29726;24547
ESTRELA DO NORTE;179;82,563176895;82,563176895;2770;2287
SEBASTIANÓPOLIS DO SUL;180;82,554867755;82,554867755;3554;2934
SÃO CAETANO DO SUL;181;82,533018023;82,533018023;161957;133668
ATIBAIA;182;82,502359669;82,502359669;144088;118876
PEDRINHAS PAULISTA;183;82,457271848;82,457271848;3101;2557
CABRÁLIA PAULISTA;184;82,441668631;82,441668631;4243;3498
SERRANA;185;82,439093857;82,439093857;45644;37628,5
SÃO JOSÉ DO RIO PARDO;186;82,398773674;82,398773674;55124;45421,5
AMÉRICO DE CAMPOS;187;82,377528841;82,377528841;5981;4927
NAZARÉ PAULISTA;188;82,356401754;82,356401754;18698;15399
LAVÍNIA;189;82,319902320;82,319902320;12285;10113
SANTA CRUZ DO RIO PARDO;190;82,314415035;82,314415035;47943;39464
POTIRENDABA;191;82,281913679;82,281913679;17516;14412,5
INDIANA;192;82,270957163;82,270957163;4879;4014
SALES;193;82,261588887;82,261588887;6407;5270,5
CRISTAIS PAULISTA;194;82,197751778;82,197751778;8718;7166
ARAÇATUBA;195;82,181810840;82,181810840;198129;162826
LOURDES;196;82,130434783;82,130434783;2300;1889
OSCAR BRESSANE;197;82,097579716;82,097579716;2603;2137
TAPIRATIBA;198;82,084942085;82,084942085;12950;10630
ANDRADINA;199;82,068808783;82,068808783;57202;46945
SANTA CRUZ DA CONCEIÇÃO;200;82,042253521;82,042253521;4544;3728
SÃO JOÃO DAS DUAS PONTES;201;82,038266302;82,038266302;2561;2101
URUPÊS;202;82,006048387;82,006048387;13888;11389
BERTIOGA;203;82,001761352;82,001761352;64723;53074
DESCALVADO;204;81,990563256;81,990563256;33910;27803
CABREÚVA;205;81,987546848;81,987546848;50429;41345,5
IPIGUÁ;206;81,957633309;81,957633309;5476;4488
JUMIRIM;207;81,948507899;81,948507899;3418;2801
JUNQUEIRÓPOLIS;208;81,945177860;81,945177860;20831;17070
OUROESTE;209;81,943258374;81,943258374;10539;8636
TAQUARAL;210;81,940988269;81,940988269;2813;2305
SÃO JOSÉ DO BARREIRO;211;81,925675676;81,925675676;4144;3395
SANTO EXPEDITO;212;81,913875598;81,913875598;3135;2568
MIRANDÓPOLIS;213;81,872349020;81,872349020;29706;24321
SANTA CRUZ DA ESPERANÇA;214;81,839294008;81,839294008;2153;1762
GAVIÃO PEIXOTO;215;81,827622015;81,827622015;4815;3940
MARTINÓPOLIS;216;81,819888839;81,819888839;26628;21787
SANTO ANTÔNIO DO PINHAL;217;81,807528929;81,807528929;6827;5585
NOVA GUATAPORANGA;218;81,806451613;81,806451613;2325;1902
ITOBI;219;81,788079470;81,788079470;7852;6422
SANTO ANTÔNIO DE POSSE;220;81,775681074;81,775681074;23529;19241
ILHA SOLTEIRA;221;81,756756757;81,756756757;26788;21901
BURITAMA;222;81,737167988;81,737167988;17281;14125
PEDREGULHO;223;81,732199155;81,732199155;16811;13740
IRAPURU;224;81,717717718;81,717717718;8325;6803
SANTA RITA DO PASSA QUATRO;225;81,702898551;81,702898551;27600;22550
CANANÉIA;226;81,580416235;81,580416235;12541;10231
PRAIA GRANDE;227;81,567803654;81,567803654;330845;269863
MONTE CASTELO;228;81,565050408;81,565050408;4166;3398
URÂNIA;229;81,557017544;81,557017544;9120;7438
CAJATI;230;81,548747105;81,548747105;28494;23236,5
JAGUARIÚNA;231;81,499267736;81,499267736;58722;47858
BROTAS;232;81,449910700;81,449910700;24636;20066
TANABI;233;81,425999004;81,425999004;26101;21253
PRESIDENTE ALVES;234;81,421568627;81,421568627;4080;3322
RIBEIRÃO BRANCO;235;81,395348837;81,395348837;16211;13195
PILAR DO SUL;236;81,382218897;81,382218897;29402;23928
BURI;237;81,362384172;81,362384172;19965;16244
LARANJAL PAULISTA;238;81,344450234;81,344450234;28785;23415
PARIQUERA-AÇU;239;81,336510673;81,336510673;19723;16042
SUD MENNUCCI;240;81,327639752;81,327639752;7728;6285
POLONI;241;81,318501554;81,318501554;6113;4971
COLINA;242;81,284057189;81,284057189;18535;15066
MONTE AZUL PAULISTA;243;81,265816111;81,265816111;18968;15414,5
TATUÍ;244;81,255540104;81,255540104;122967;99917,5
TRABIJU;245;81,185270426;81,185270426;1738;1411
ÁGUAS DA PRATA;246;81,182337915;81,182337915;8221;6674
PORTO FELIZ;247;81,163626830;81,163626830;53402;43343
ARARAS;248;81,151019143;81,151019143;135506;109964,5
MONTE ALEGRE DO SUL;249;81,149056836;81,149056836;8111;6582
EMILIANÓPOLIS;250;81,127982646;81,127982646;3227;2618
DRACENA;251;81,121527113;81,121527113;47043;38162
SALTINHO;252;81,091385679;81,091385679;8393;6806
TEJUPÁ;253;81,028724115;81,028724115;4491;3639
MIRA ESTRELA;254;80,972311655;80,972311655;3106;2515
SERTÃOZINHO;255;80,937849019;80,937849019;127142;102906
VALENTIM GENTIL;256;80,845403488;80,845403488;13532;10940
DIRCE REIS;257;80,822679266;80,822679266;1799;1454
APIAÍ;258;80,809873689;80,809873689;24226;19577
GENERAL SALGADO;259;80,804640029;80,804640029;10862;8777
CONCHAL;260;80,797934425;80,797934425;28273;22844
REGENTE FEIJÓ;261;80,778660390;80,778660390;20394;16474
IEPÊ;262;80,693190139;80,693190139;8194;6612
SÃO JOÃO DE IRACEMA;263;80,641821946;80,641821946;1932;1558
MONTE ALTO;264;80,609391003;80,609391003;50772;40927
ITAÍ;265;80,527353736;80,527353736;27382;22050
PEREIRA BARRETO;266;80,523425634;80,523425634;25677;20676
JUNDIAÍ;267;80,518125038;80,518125038;423006;340596,5
BAURU;268;80,517905494;80,517905494;379297;305402
GUAPIAÇU;269;80,491389208;80,491389208;21775;17527
CAPÃO BONITO;270;80,478797912;80,478797912;47118;37920
SAGRES;271;80,452674897;80,452674897;2430;1955
PALMITAL;272;80,450790230;80,450790230;22272;17918
PENÁPOLIS;273;80,436657936;80,436657936;63757;51284
IBIRÁ;274;80,396229430;80,396229430;12518;10064
PIRACICABA;275;80,373454274;80,373454274;407252;327322,5
ELIAS FAUSTO;276;80,346788582;80,346788582;17936;14411
UCHOA;277;80,336912619;80,336912619;10151;8155
BEBEDOURO;278;80,330088324;80,330088324;77555;62300
NOVA ALIANÇA;279;80,319750990;80,319750990;7068;5677
FRANCO DA ROCHA;280;80,297714899;80,297714899;156492;125659,5
CARDOSO;281;80,281804195;80,281804195;12349;9914
BÁLSAMO;282;80,238538133;80,238538133;9139;7333
OSVALDO CRUZ;283;80,215151515;80,215151515;33000;26471
CESÁRIO LANGE;284;80,212244898;80,212244898;18375;14739
AMERICANA;285;80,170689783;80,170689783;242018;194027,5
CORUMBATAÍ;286;80,142716535;80,142716535;4064;3257
VARGEM GRANDE DO SUL;287;80,120621666;80,120621666;43110;34540
SERRA AZUL;288;80,088111608;80,088111608;14981;11998
SANTO ANDRÉ;289;80,078891772;80,078891772;721368;577663,5
CHAVANTES;290;80,061201482;80,061201482;12418;9942
ÁLVARES MACHADO;291;80,054404352;80,054404352;24998;20012
CATANDUVA;292;80,028490494;80,028490494;122497;98032,5
GUAÍRA;293;80,026803119;80,026803119;41040;32843
QUINTANA;294;80,023923445;80,023923445;6688;5352
NOVO HORIZONTE;295;80,014004926;80,014004926;41414;33137
LENÇÓIS PAULISTA;296;79,988404117;79,988404117;68990;55184
MACATUBA;297;79,963982805;79,963982805;17214;13765
PAULICÉIA;298;79,916823182;79,916823182;7454;5957
MOMBUCA;299;79,874572406;79,874572406;3508;2802
CANITAR;300;79,856386999;79,856386999;5292;4226
TURIÚBA;301;79,851485149;79,851485149;2020;1613
AREIAS;302;79,851129363;79,851129363;3896;3111
ESPÍRITO SANTO DO TURVO;303;79,827798278;79,827798278;4878;3894
JABOTICABAL;304;79,772575079;79,772575079;77652;61945
PIRANGI;305;79,766367361;79,766367361;11471;9150
ESPÍRITO SANTO DO PINHAL;306;79,759843494;79,759843494;44471;35470
UBATUBA;307;79,720443457;79,720443457;91824;73202,5
ITAPORANGA;308;79,713965597;79,713965597;15173;12095
BRODOWSKI;309;79,673220714;79,673220714;25277;20139
ASSIS;310;79,636872306;79,636872306;105087;83688
SARAPUÍ;311;79,624639076;79,624639076;10390;8273
ITATIBA;312;79,594716963;79,594716963;122581;97568
IBITINGA;313;79,594059406;79,594059406;60600;48234
GUARAÇAÍ;314;79,541616405;79,541616405;8290;6594
JUQUITIBA;315;79,532958352;79,532958352;31646;25169
ITAPEVA;316;79,444960128;79,444960128;94804;75317
QUADRA;317;79,398028023;79,398028023;3854;3060
SÃO MIGUEL ARCANJO;318;79,392158051;79,392158051;33002;26201
ROSEIRA;319;79,390797148;79,390797148;10801;8575
JARDINÓPOLIS;320;79,389593062;79,389593062;44970;35701,5
GUATAPARÁ;321;79,361784927;79,361784927;7709;6118
SABINO;322;79,319558247;79,319558247;5614;4453
JOSÉ BONIFÁCIO;323;79,310067976;79,310067976;37366;29635
MARINÓPOLIS;324;79,297245964;79,297245964;2106;1670
GARÇA;325;79,254205229;79,254205229;44409;35196
CACONDE;326;79,241411963;79,241411963;19009;15063
CAMPOS DO JORDÃO;327;79,233851732;79,233851732;52405;41522,5
BARRA DO TURVO;328;79,205974843;79,205974843;7632;6045
PIRAPORA DO BOM JESUS;329;79,184482219;79,184482219;19178;15186
PARAPUÃ;330;79,157913965;79,157913965;10949;8667
GUARATINGUETÁ;331;79,140443247;79,140443247;122505;96951
PIQUETE;332;79,138121547;79,138121547;13575;10743
ARAMINA;333;79,133510168;79,133510168;5655;4475
MONTEIRO LOBATO;334;79,024701874;79,024701874;4696;3711
TARUMÃ;335;79,002832115;79,002832115;15183;11995
MARÍLIA;336;78,981254416;78,981254416;240590;190021
TORRINHA;337;78,977724741;78,977724741;10056;7942
CARAPICUÍBA;338;78,960546452;78,960546452;403183;318355,5
MARACAÍ;339;78,946993445;78,946993445;14036;11081
RIO CLARO;340;78,941194569;78,941194569;208008;164204
VALINHOS;341;78,940629525;78,940629525;131210;103578
SÃO JOSÉ DOS CAMPOS;342;78,935424680;78,935424680;729737;576021
GETULINA;343;78,911505198;78,911505198;11447;9033
PARANAPANEMA;344;78,852659966;78,852659966;20395;16082
BORACÉIA;345;78,841413311;78,841413311;4868;3838
ANHUMAS;346;78,836872587;78,836872587;4144;3267
GUARARAPES;347;78,818731118;78,818731118;33100;26089
MOGI GUAÇU;348;78,805551744;78,805551744;153033;120598,5
CAMPOS NOVOS PAULISTA;349;78,767260356;78,767260356;4997;3936
VIRADOURO;350;78,755850029;78,755850029;19017;14977
BANANAL;351;78,750113709;78,750113709;10993;8657
CATIGUÁ;352;78,726925525;78,726925525;7855;6184
TEODORO SAMPAIO;353;78,687749753;78,687749753;23273;18313
CORDEIRÓPOLIS;354;78,683638121;78,683638121;24826;19534
PIRASSUNUNGA;355;78,668522445;78,668522445;76877;60478
SALES OLIVEIRA;356;78,663110518;78,663110518;11998;9438
ICÉM;357;78,648843931;78,648843931;8304;6531
SÃO PEDRO DO TURVO;358;78,625259875;78,625259875;7696;6051
MIRACATU;359;78,618337321;78,618337321;19643;15443
ITAPETININGA;360;78,611215157;78,611215157;165526;130122
TUIUTI;361;78,558119536;78,558119536;6977;5481
LINS;362;78,547316663;78,547316663;78503;61662
LUCÉLIA;363;78,502238874;78,502238874;21886;17181
CRAVINHOS;364;78,495741870;78,495741870;35579;27928
PORANGABA;365;78,494089600;78,494089600;10067;7902
BURITIZAL;366;78,444838281;78,444838281;4514;3541
MONÇÕES;367;78,429642700;78,429642700;2267;1778
BILAC;368;78,415670814;78,415670814;8117;6365
IARAS;369;78,407061049;78,407061049;9517;7462
PATROCÍNIO PAULISTA;370;78,402107112;78,402107112;14807;11609
VERA CRUZ;371;78,379377252;78,379377252;10823;8483
LIMEIRA;372;78,342658567;78,342658567;308482;241673
PORTO FERREIRA;373;78,323658502;78,323658502;56504;44256
ITAPIRAPUÃ PAULISTA;374;78,280224930;78,280224930;4268;3341
CASA BRANCA;375;78,276539974;78,276539974;30520;23890
BORBOREMA;376;78,192279139;78,192279139;16164;12639
DIADEMA;377;78,180557085;78,180557085;426757;333641
BRAÚNA;378;78,174534053;78,174534053;5741;4488
HORTOLÂNDIA;379;78,173303907;78,173303907;234259;183128
PARAIBUNA;380;78,152548869;78,152548869;18263;14273
TAQUARITINGA;381;78,123910466;78,123910466;57364;44815
APARECIDA;382;78,071023905;78,071023905;36185;28250
FRANCA;383;78,070306068;78,070306068;355901;277853
CARAGUATATUBA;384;78,059632544;78,059632544;123389;96317
ALVINLÂNDIA;385;77,988878591;77,988878591;3237;2524,5
PAULO DE FARIA;386;77,977452841;77,977452841;8959;6986
LEME;387;77,933988845;77,933988845;104346;81321
EMBAÚBA;388;77,868517762;77,868517762;2449;1907
BARUERI;389;77,856503311;77,856503311;276982;215648,5
RINÓPOLIS;390;77,803433390;77,803433390;9961;7750
IACANGA;391;77,719682914;77,719682914;11858;9216
SÃO BERNARDO DO CAMPO;392;77,719208084;77,719208084;844483;656325,5
IGUAPE;393;77,695311239;77,695311239;30989;24077
FARTURA;394;77,622899813;77,622899813;16070;12474
CHARQUEADA;395;77,618471814;77,618471814;17367;13480
JOÃO RAMALHO;396;77,609316634;77,609316634;4551;3532
TABAPUÃ;397;77,597116540;77,597116540;12485;9688
ITÁPOLIS;398;77,581869793;77,581869793;43331;33617
VINHEDO;399;77,563630463;77,563630463;80111;62137
BATATAIS;400;77,488091458;77,488091458;62980;48802
SALTO DE PIRAPORA;401;77,483645879;77,483645879;45860;35534
AVAÍ;402;77,483443709;77,483443709;5436;4212
INÚBIA PAULISTA;403;77,481960687;77,481960687;4019;3114
IBATÉ;404;77,444181326;77,444181326;35472;27471
ITAPUÍ;405;77,443981056;77,443981056;14147;10956
SÃO SIMÃO;406;77,419564511;77,419564511;15385;11911
IGARAÇU DO TIETÊ;407;77,417269385;77,417269385;24749;19160
PERUÍBE;408;77,411196939;77,411196939;69001;53414,5
ALAMBARI;409;77,386196769;77,386196769;6129;4743
LORENA;410;77,377279102;77,377279102;89125;68962,5
RIBEIRÃO PIRES;411;77,366924669;77,366924669;124159;96058
CERQUILHO;412;77,302116381;77,302116381;49802;38498
SÃO JOAQUIM DA BARRA;413;77,285498576;77,285498576;52319;40435
POMPÉIA;414;77,264116904;77,264116904;22172;17131
NIPOÃ;415;77,255568139;77,255568139;5298;4093
PEDERNEIRAS;416;77,234616119;77,234616119;47111;36386
QUEIROZ;417;77,225433526;77,225433526;3460;2672
JÚLIO MESQUITA;418;77,208333333;77,208333333;4800;3706
BALBINOS;419;77,165487024;77,165487024;5934;4579
PEDREIRA;420;77,155768318;77,155768318;48463;37392
TAIAÇU;421;77,136075949;77,136075949;6320;4875
NOVA ODESSA;422;77,121202179;77,121202179;60956;47010
ARUJÁ;423;77,090075364;77,090075364;91157;70273
SANTA BÁRBARA D'OESTE;424;77,083183291;77,083183291;194390;149842
GUARANTÃ;425;77,033707865;77,033707865;6675;5142
RIBEIRÃO PRETO;426;77,013310856;77,013310856;711825;548200
ENGENHEIRO COELHO;427;76,954209610;76,954209610;21249;16352
CÂNDIDO MOTA;428;76,953997320;76,953997320;31346;24122
SALTO GRANDE;429;76,943613840;76,943613840;9364;7205
ITUPEVA;430;76,918790696;76,918790696;62813;48315
SANTA ROSA DE VITERBO;431;76,903524838;76,903524838;26753;20574
CAÇAPAVA;432;76,897008988;76,897008988;95018;73066
PARAGUAÇU PAULISTA;433;76,867994341;76,867994341;45945;35317
GUARIBA;434;76,859238768;76,859238768;40487;31118
SANTA ADÉLIA;435;76,820255768;76,820255768;15561;11954
SUMARÉ;436;76,813784236;76,813784236;286211;219849,5
SANTO ANTÔNIO DO ARACANGUÁ;437;76,748024997;76,748024997;8481;6509
PIACATU;438;76,747267307;76,747267307;6038;4634
ESTIVA GERBI;439;76,742351188;76,742351188;11407;8754
CONCHAS;440;76,694045175;76,694045175;18019;13819,5
SALMOURÃO;441;76,691024920;76,691024920;5337;4093
MONGAGUÁ;442;76,646197613;76,646197613;57648;44185
ORIENTE;443;76,597370835;76,597370835;6542;5011
CAMPINAS;444;76,568184664;76,568184664;1213792;929378,5
SANTA BRANCA;445;76,549774517;76,549774517;14857;11373
TIETÊ;446;76,543500247;76,543500247;42517;32544
VALPARAÍSO;447;76,468943405;76,468943405;26822;20510,5
BOM SUCESSO DE ITARARÉ;448;76,455823293;76,455823293;3984;3046
ARTUR NOGUEIRA;449;76,418503795;76,418503795;55340;42290
DOBRADA;450;76,415094340;76,415094340;9010;6885
PAULÍNIA;451;76,405989125;76,405989125;112003;85577
BIRIGUI;452;76,404314438;76,404314438;124883;95416
ITIRAPINA;453;76,401805624;76,401805624;18387;14048
NHANDEARA;454;76,385876637;76,385876637;11527;8805
GUARACI;455;76,309028085;76,309028085;11287;8613
BOM JESUS DOS PERDÕES;456;76,297864152;76,297864152;25985;19826
VARGEM;457;76,290684624;76,290684624;10692;8157
PRESIDENTE VENCESLAU;458;76,275168633;76,275168633;39583;30192
TAMBAÚ;459;76,196625344;76,196625344;23232;17702
BOREBI;460;76,146105106;76,146105106;2683;2043
OURINHOS;461;76,138589618;76,138589618;114352;87066
QUATÁ;462;76,122448980;76,122448980;14210;10817
BOITUVA;463;76,109055815;76,109055815;62170;47317
ITUVERAVA;464;76,092282079;76,092282079;42045;31993
FRANCISCO MORATO;465;76,092280151;76,092280151;177633;135165
RUBIÁCEA;466;76,091081594;76,091081594;3162;2406
PIEDADE;467;76,084764683;76,084764683;55542;42259
NOVA GRANADA;468;76,080040574;76,080040574;21689;16501
JUQUIÁ;469;76,076503900;76,076503900;18718;14240
MACAUBAL;470;75,954339020;75,954339020;8147;6188
TAQUARIVAÍ;471;75,943156826;75,943156826;5911;4489
UNIÃO PAULISTA;472;75,924932976;75,924932976;1865;1416
PIQUEROBI;473;75,912408759;75,912408759;3699;2808
GUAIÇARA;474;75,906946478;75,906946478;12294;9332
PINDAMONHANGABA;475;75,836997155;75,836997155;170132;129023
TARABAI;476;75,729442971;75,729442971;7540;5710
ZACARIAS;477;75,617732558;75,617732558;2752;2081
SÃO PEDRO;478;75,597554197;75,597554197;35980;27200
JACAREÍ;479;75,585559180;75,585559180;235416;177940,5
ITATINGA;480;75,550881889;75,550881889;20921;15806
PEREIRAS;481;75,549982902;75,549982902;8773;6628
CAJURU;482;75,546546433;75,546546433;26393;19939
LOUVEIRA;483;75,541575821;75,541575821;49993;37765,5
ANHEMBI;484;75,494940607;75,494940607;6819;5148
BOCAINA;485;75,489881144;75,489881144;12452;9400
CASTILHO;486;75,478440777;75,478440777;21267;16052
ARAÇOIABA DA SERRA;487;75,451460778;75,451460778;34776;26239
MOGI DAS CRUZES;488;75,437625476;75,437625476;450785;340061,5
ITAJU;489;75,430923591;75,430923591;3887;2932
CAJOBI;490;75,358625897;75,358625897;10596;7985
GUAIMBÊ;491;75,315471046;75,315471046;5785;4357
SANTA ISABEL;492;75,215643653;75,215643653;57966;43599,5
MIGUELÓPOLIS;493;75,186759114;75,186759114;22355;16808
CAIABU;494;75,172907226;75,172907226;4193;3152
GLICÉRIO;495;75,129426382;75,129426382;4829;3628
CAFELÂNDIA;496;75,082665471;75,082665471;17843;13397
JABORANDI;497;75,035991938;75,035991938;6946;5212
ITIRAPUÃ;498;75,026746141;75,026746141;6543;4909
CAPIVARI;499;75,001330283;75,001330283;56379;42285
ANGATUBA;500;74,983319597;74,983319597;25479;19105
IPAUSSU;501;74,955206052;74,955206052;15069;11295
DOIS CÓRREGOS;502;74,941843559;74,941843559;27512;20618
LUPÉRCIO;503;74,934725849;74,934725849;4596;3444
PLATINA;504;74,930128563;74,930128563;3578;2681
PRATÂNIA;505;74,835433515;74,835433515;5317;3979
GUARULHOS;506;74,833042530;74,833042530;1392121;1041766,5
BARRA DO CHAPÉU;507;74,791666667;74,791666667;5760;4308
PARAÍSO;508;74,784482759;74,784482759;6496;4858
SUZANO;509;74,783653126;74,783653126;300559;224769
TAUBATÉ;510;74,778478524;74,778478524;317915;237732
TABOÃO DA SERRA;511;74,754811818;74,754811818;293652;219519
GUARÁ;512;74,741880984;74,741880984;21308;15926
NOVA CASTILHO;513;74,726134585;74,726134585;1278;955
BOFETE;514;74,683331935;74,683331935;11921;8903
MONTE APRAZÍVEL;515;74,677807118;74,677807118;25373;18948
RESTINGA;516;74,645136085;74,645136085;7679;5732
IPUÃ;517;74,608528066;74,608528066;16604;12388
COROADOS;518;74,579866210;74,579866210;6129;4571
AGUAÍ;519;74,525212836;74,525212836;36648;27312
RIOLÂNDIA;520;74,505477185;74,505477185;12689;9454
CACHOEIRA PAULISTA;521;74,476638575;74,476638575;33581;25010
SÃO SEBASTIÃO;522;74,440372863;74,440372863;90328;67240,5
SÃO SEBASTIÃO DA GRAMA;523;74,438687392;74,438687392;12159;9051
MINEIROS DO TIETÊ;524;74,394570415;74,394570415;12966;9646
POTIM;525;74,361321130;74,361321130;25130;18687
CAIEIRAS;526;74,326927755;74,326927755;102775;76389,5
BOA ESPERANÇA DO SUL;527;74,277533626;74,277533626;15018;11155
IRACEMÁPOLIS;528;74,270740229;74,270740229;24614;18281
BARRINHA;529;74,237492465;74,237492465;33180;24632
EMBU DAS ARTES;530;74,214113946;74,214113946;276535;205228
TABATINGA;531;74,170872386;74,170872386;16644;12345
CRUZEIRO;532;74,168291531;74,168291531;82571;61241,5
SANTO ANASTÁCIO;533;74,120578932;74,120578932;20866;15466
ITARARÉ;534;74,086726433;74,086726433;50642;37519
COTIA;535;74,075936090;74,075936090;253608;187862,5
MIRANTE DO PARANAPANEMA;536;74,070236667;74,070236667;18338;13583
SÃO LOURENÇO DA SERRA;537;74,045562649;74,045562649;15978;11831
PIRAPOZINHO;538;73,967716365;73,967716365;27754;20529
AURIFLAMA;539;73,939552875;73,939552875;15253;11278
NOVA CAMPINA;540;73,894523327;73,894523327;9860;7286
SANTA MARIA DA SERRA;541;73,797305965;73,797305965;6236;4602
MOTUCA;542;73,764337852;73,764337852;4795;3537
TACIBA;543;73,613525043;73,613525043;6329;4659
JAÚ;544;73,596434050;73,596434050;151881;111779
ANALÂNDIA;545;73,536392405;73,536392405;5056;3718
SÃO VICENTE;546;73,505178428;73,505178428;368355;270760
BARIRI;547;73,440575960;73,440575960;35558;26114
SÃO MANUEL;548;73,430926732;73,430926732;41123;30197
TAGUAÍ;549;73,396506612;73,396506612;14141;10379
MURUTINGA DO SUL;550;73,368841545;73,368841545;4506;3306
BIRITIBA MIRIM;551;73,311877581;73,311877581;32936;24146
VISTA ALEGRE DO ALTO;552;73,222827901;73,222827901;8989;6582
MARIÁPOLIS;553;73,160596431;73,160596431;4091;2993
ELISIÁRIO;554;73,140384095;73,140384095;3697;2704
BREJO ALEGRE;555;73,035652475;73,035652475;2889;2110
IRAPUÃ;556;72,924950298;72,924950298;8048;5869
IPORANGA;557;72,922124315;72,922124315;4199;3062
RIO DAS PEDRAS;558;72,835637137;72,835637137;35738;26030
SETE BARRAS;559;72,824726135;72,824726135;12780;9307
MARABÁ PAULISTA;560;72,679892401;72,679892401;5948;4323
OURO VERDE;561;72,633410673;72,633410673;8620;6261
RINCÃO;562;72,558268590;72,558268590;10812;7845
POÁ;563;72,499133917;72,499133917;118349;85802
RIBEIRÃO BONITO;564;72,494172494;72,494172494;13299;9641
ITAPEVI;565;72,492229033;72,492229033;240961;174678
PANORAMA;566;72,487706468;72,487706468;15862;11498
HERCULÂNDIA;567;72,444722570;72,444722570;9588;6946
IGARAPAVA;568;72,414581564;72,414581564;30614;22169
ORLÂNDIA;569;72,405320108;72,405320108;44360;32119
SOROCABA;570;72,369889301;72,369889301;687357;497439,5
ARAÇARIGUAMA;571;72,235345582;72,235345582;22860;16513
VARGEM GRANDE PAULISTA;572;72,172140346;72,172140346;53468;38589
EMBU-GUAÇU;573;72,074791491;72,074791491;69901;50381
NANTES;574;72,066687638;72,066687638;3179;2291
CANAS;575;72,059953882;72,059953882;5204;3750
CAMPO LIMPO PAULISTA;576;72,018681100;72,018681100;85541;61605,5
PINDORAMA;577;71,973745353;71,973745353;17216;12391
TERRA ROXA;578;71,940235244;71,940235244;9437;6789
IBIÚNA;579;71,935983090;71,935983090;79479;57174
SÃO ROQUE;580;71,882467956;71,882467956;92060;66175
AREIÓPOLIS;581;71,796020792;71,796020792;11158;8011
ORINDIÚVA;582;71,768140117;71,768140117;7194;5163
JAMBEIRO;583;71,743337800;71,743337800;6717;4819
VÁRZEA PAULISTA;584;71,741108791;71,741108791;123071;88292,5
GUZOLÂNDIA;585;71,735443754;71,735443754;5307;3807
MAIRIPORÃ;586;71,716354219;71,716354219;101937;73105,5
JANDIRA;587;71,678432366;71,678432366;126356;90570
GUAREÍ;588;71,663048658;71,663048658;18887;13535
PRESIDENTE EPITÁCIO;589;71,632611683;71,632611683;44389;31797
PONTALINDA;590;71,630295250;71,630295250;4674;3348
SUZANÁPOLIS;591;71,499750872;71,499750872;4014;2870
LINDÓIA;592;71,490360850;71,490360850;8092;5785
GUARUJÁ;593;71,467079783;71,467079783;322750;230660
PALESTINA;594;71,363255353;71,363255353;13123;9365
PROMISSÃO;595;71,296659155;71,296659155;40828;29109
UBARANA;596;71,2109375;71,2109375;6400;4557,5
SANTA GERTRUDES;597;71,188050108;71,188050108;27381;19492
SANTA LÚCIA;598;71,120397560;71,120397560;8854;6297
BENTO DE ABREU;599;70,981697171;70,981697171;3005;2133
ALTAIR;600;70,807453416;70,807453416;4186;2964
SEVERÍNIA;601;70,777419172;70,777419172;17661;12500
PLANALTO;602;70,720211161;70,720211161;5304;3751
JACUPIRANGA;603;70,663536251;70,663536251;17889;12641
ITAQUAQUECETUBA;604;70,484865777;70,484865777;375011;264326
AVANHANDAVA;605;70,437982538;70,437982538;13859;9762
AMÉRICO BRASILIENSE;606;70,386527588;70,386527588;41032;28881
LUIZIÂNIA;607;70,367207515;70,367207515;5855;4120
ARIRANHA;608;70,228460199;70,228460199;9761;6855
IPERÓ;609;70,216520915;70,216520915;37964;26657
SANTA CRUZ DAS PALMEIRAS;610;70,206120275;70,206120275;34737;24387,5
PEDRO DE TOLEDO;611;70,195254356;70,195254356;11421;8017
BARBOSA;612;70,192822710;70,192822710;7468;5242
FLÓRIDA PAULISTA;613;70,114942529;70,114942529;14790;10370
ALUMÍNIO;614;70,096445889;70,096445889;18767;13155
VOTORANTIM;615;70,018365844;70,018365844;123599;86542
MORRO AGUDO;616;69,980173035;69,980173035;33288;23295
NOVA EUROPA;617;69,977983267;69,977983267;11355;7946
SANTÓPOLIS DO AGUAPEÍ;618;69,939796554;69,939796554;4817;3369
IBIRAREMA;619;69,914551715;69,914551715;7841;5482
SANDOVALINA;620;69,820854387;69,820854387;4354;3040
EUCLIDES DA CUNHA PAULISTA;621;69,662198391;69,662198391;9325;6496
PITANGUEIRAS;622;69,543413174;69,543413174;40080;27873
LAVRINHAS;623;69,402270551;69,402270551;7311;5074
MAUÁ;624;69,295071531;69,295071531;477552;330920
ITAPECERICA DA SERRA;625;69,269174050;69,269174050;177662;123065
SÃO JOSÉ DA BELA VISTA;626;69,107142857;69,107142857;8960;6192
PRADÓPOLIS;627;68,938874411;68,938874411;21873;15079
CUBATÃO;628;68,757312385;68,757312385;131626;90502,5
ITAPURA;629;68,672995354;68,672995354;4951;3400
LUÍS ANTÔNIO;630;68,571802250;68,571802250;15292;10486
IPEÚNA;631;68,570313516;68,570313516;7687;5271
CLEMENTINA;632;68,276807126;68,276807126;8757;5979
PIRAJUÍ;633;68,241377970;68,241377970;25719;17551
FERRAZ DE VASCONCELOS;634;67,647073791;67,647073791;196500;132926,5
PRACINHA;635;66,761633428;66,761633428;4212;2812
ITARIRI;636;66,229116945;66,229116945;17598;11655
PONTAL;637;65,374026587;65,374026587;50852;33244
ELDORADO;638;65,015440041;65,015440041;15544;10106
COSMÓPOLIS;639;64,205024907;64,205024907;73474;47174
NOVA LUZITÂNIA;640;62,235576923;62,235576923;4160;2589
NOVAIS;641;62,052144659;62,052144659;5945;3689
GASTÃO VIDIGAL;642;61,625514403;61,625514403;4860;2995
QUELUZ;643;60,105835661;60,105835661;13606;8178
PALMARES PAULISTA;644;57,878540709;57,878540709;13486;7805,5
RIO GRANDE DA SERRA;645;52,652811261;52,652811261;51436;27082,5
